title,url,snippet,source
"Apple iPhone - Latest Price, Dealers & Retailers in India",https://dir.indiamart.com/impcat/apple-i-phone.html,"Experience the future of mobile technology with the iPhone 15 Pro Max. Featuring a stunning 6.7-inch Super Retina XDR display, A17 Pro chip, and advanced camera",IndiaMart via Tavily
Apple iPhone Manufacturers in India,https://dir.indiamart.com/impcat/apple-i-phone.html?biz=10,Apple IPhone Mobile - Manufacturer · Refurbished Apple Iphone 8 Plus · Gold iPhone 12 - 3000 · Grey Apple IPhone 15 Pro 256 GB · Apple iPhone X 256GB - Factory,IndiaMart via Tavily
"Apple iPhone in Chandigarh, एप्पल आईफोन, चंडीगढ़",https://dir.indiamart.com/chandigarh/apple-i-phone.html,"Apple iPhone in Chandigarh (एप्पल आईफोन, चंडीगढ़) · iPhone 13 Pro 128/264gb Original QC stock Available At Very Cheap Price · Black Iphone 13 · Black Iphone 15 white.",IndiaMart via Tavily
"Apple iPhone in Panipat, एप्पल आईफोन, पानीपत",https://dir.indiamart.com/panipat/apple-i-phone.html,"Apple iPhone in Panipat (एप्पल आईफोन, पानीपत) · iPhone 13 · iPhone 13. ₹ 48,000/Piece · Apple Iphone. Apple Iphone. Price On Request · Iphone 11 128gb. Iphone 11",IndiaMart via Tavily
"Apple iPhone in Gorakhpur, एप्पल आईफोन, गोरखपुर",https://dir.indiamart.com/gorakhpur/apple-i-phone.html,"Apple iPhone in Gorakhpur (एप्पल आईफोन, गोरखपुर) · Gold Apple Iphone 7 Mobile Phones · Gold Apple Iphone 7 Mobile Phones. ₹ 31,500/Piece · 11 Pro -64Gb A Plus Stock.",IndiaMart via Tavily
"Apple iPhone in Moradabad, एप्पल आईफोन, मुरादाबाद",https://dir.indiamart.com/moradabad/apple-i-phone.html,"Apple iPhone in Moradabad (एप्पल आईफोन, मुरादाबाद) · Apple Iphone 15 128GB (Green) · NEW Apple iPhone 11 Pro Max 256GB Space Gray Factory Unlocked Fast Shipping.",IndiaMart via Tavily
Apple iPhone Wholesalers & Distributors in Gurugram,https://dir.indiamart.com/gurugram/apple-i-phone.html?biz=30,"Apple iPhone in Gurugram (एप्पल आईफोन, गुडगाँव) · IPHONE 13 PRO 128/256/512GB AND 1TB. GRAPHITE,SILVER,GOLD,SIERRA BLUE,AND MANY MORE · Apple Iphone · Refurbished",IndiaMart via Tavily
"Apple iPhone in Patna, एप्पल आईफोन, पटना - Latest Price, ...",https://dir.indiamart.com/patna/apple-i-phone.html,"Apple iPhone in Patna (एप्पल आईफोन, पटना) · Black Iphone 12 · Black Iphone 12. ₹ 24,800/Piece · Black Apple Iphone 13. Black Apple Iphone 13 · Apple iPhone 6 (Gold",IndiaMart via Tavily
iPhone Development Training in India,https://dir.indiamart.com/impcat/iphone-development-training.html,iPhone Training program is a 4 month training program with extensive theory practical and live project on the iPhone SDK. The iPhone training course includes,IndiaMart via Tavily
